Name,Surname
Fatma,Aydın
Emine,Yıldırım
Emine,Demir
Ayşe,Özdemir
Ayşe,Aydın
Ayşe,Aydın
Elif,Yılmaz
Murat,Öztürk
Ayşe,Şahin
Elif,Çelik
Fatma,Yıldız
Zeynep,Yılmaz
Murat,Kaya
Ali,Özdemir
Ali,Yılmaz
Elif,Yıldırım
Murat,Demir
Elif,Aydın
Ahmet,Öztürk
Hüseyin,Özdemir
Emine,Öztürk
Ahmet,Öztürk
Ahmet,Öztürk
Elif,Şahin
Ahmet,Aydın
Ali,Yıldız
Mehmet,Şahin
Ahmet,Özdemir
Zeynep,Şahin
Hüseyin,Yıldız
Emine,Demir
Elif,Öztürk
Ayşe,Demir
Zeynep,Özdemir
Fatma,Kaya
Mehmet,Kaya
Fatma,Şahin
Murat,Aydın
Mehmet,Yıldız
Fatma,Özdemir
Zeynep,Kaya
Mehmet,Demir
Murat,Yıldız
Ahmet,Yılmaz
Mehmet,Kaya
Emine,Yıldırım
Fatma,Yılmaz
Ahmet,Çelik
Ahmet,Öztürk
Ali,Demir
Ahmet,Yılmaz
Hüseyin,Yılmaz
Ahmet,Yılmaz
Hüseyin,Aydın
Fatma,Öztürk
Fatma,Yılmaz
Hüseyin,Aydın
Murat,Öztürk
Zeynep,Demir
Hüseyin,Yıldız
Mehmet,Yıldırım
Zeynep,Yıldız
Ali,Demir
Mehmet,Yıldırım
Hüseyin,Öztürk
Elif,Yılmaz
Emine,Öztürk
Mehmet,Çelik
Fatma,Öztürk
Zeynep,Çelik
Fatma,Aydın
Zeynep,Yıldırım
Ayşe,Aydın
Murat,Öztürk
Ayşe,Özdemir
Emine,Öztürk
Murat,Öztürk
Zeynep,Demir
Fatma,Şahin
Ahmet,Yıldız
Ali,Kaya
Murat,Özdemir
Fatma,Aydın
Elif,Şahin
Murat,Öztürk
Fatma,Yıldız
Fatma,Özdemir
Fatma,Yılmaz
Zeynep,Şahin
Emine,Yıldız
Hüseyin,Demir
Ayşe,Aydın
Zeynep,Yılmaz
Fatma,Çelik
Ayşe,Yıldız
Fatma,Yıldız
Mehmet,Demir
Ayşe,Çelik
Fatma,Yılmaz
Elif,Demir